{"access_token": "ya29.Gl3eBZSKAayYwtrsx6J27RoXuzBwLPrM6RR0m6vVxdRU8pvxIh03fOI2dxwYrGW5crivk8rTEXOPGfXxVYbl0lt91eSjYqyoHJqKjW8FVr8rRnpou8B7RdNbKHmJXe0", "client_id": "1049226538106-tlg2r75m1c6g8j3us5ihmpte7h0rbrc9.apps.googleusercontent.com", "client_secret": "VBpsvdOVXyQrvpgnZUn920RB", "refresh_token": "1/8sH7cv7EV_L1DUSX3O2xlWRvxnVjNYynulcZ1Mtv_gA", "token_expiry": "2018-06-18T16:51:34Z", "token_uri": "https://accounts.google.com/o/oauth2/token", "user_agent": "Drive API Python Quickstart", "revoke_uri": "https://accounts.google.com/o/oauth2/revoke", "id_token": null, "id_token_jwt": null, "token_response": {"access_token": "ya29.Gl3eBZSKAayYwtrsx6J27RoXuzBwLPrM6RR0m6vVxdRU8pvxIh03fOI2dxwYrGW5crivk8rTEXOPGfXxVYbl0lt91eSjYqyoHJqKjW8FVr8rRnpou8B7RdNbKHmJXe0", "expires_in": 3600, "token_type": "Bearer"}, "scopes": ["https://www.googleapis.com/auth/drive.file"], "token_info_uri": "https://www.googleapis.com/oauth2/v3/tokeninfo", "invalid": false, "_class": "OAuth2Credentials", "_module": "oauth2client.client"}