{"access_token": "ya29.Gl3lBUPBJI0OxRCsEfqPiqBIlmc1iFsQ061n5yp9r41B6k0odmmtsySZcMjxxrtpD5UcqIMMg-0IPEOmzePwU_U5K8ipWKS5gqVC-T8uc55l92Kjszq3Spu-5hkKlOY", "client_id": "1049226538106-tlg2r75m1c6g8j3us5ihmpte7h0rbrc9.apps.googleusercontent.com", "client_secret": "VBpsvdOVXyQrvpgnZUn920RB", "refresh_token": "1/pGCOUEvPDGV-3ykOeMUV89P-2Iq3peYhq9Oc1X281Th196Oak9pCdD8uKyND3Bwd", "token_expiry": "2018-06-26T00:33:53Z", "token_uri": "https://accounts.google.com/o/oauth2/token", "user_agent": "Google Calendar API Python Quickstart", "revoke_uri": "https://accounts.google.com/o/oauth2/revoke", "id_token": null, "id_token_jwt": null, "token_response": {"access_token": "ya29.Gl3lBUPBJI0OxRCsEfqPiqBIlmc1iFsQ061n5yp9r41B6k0odmmtsySZcMjxxrtpD5UcqIMMg-0IPEOmzePwU_U5K8ipWKS5gqVC-T8uc55l92Kjszq3Spu-5hkKlOY", "expires_in": 3600, "token_type": "Bearer"}, "scopes": ["https://www.googleapis.com/auth/calendar"], "token_info_uri": "https://www.googleapis.com/oauth2/v3/tokeninfo", "invalid": false, "_class": "OAuth2Credentials", "_module": "oauth2client.client"}